Skill,Count
cloud computing,82
automation,72
ci/cd,58
python,54
linux,52
scripting,50
networking,48
git,48
sql,45
security,44
docker,44
java,40
project management,40
aws,37
javascript,37
kubernetes,37
azure,34
team leadership,33
data analysis,31
troubleshooting,30
css,30
html,30
data modeling,23
leadership,22
algorithms,21
version control,21
software development,20
jenkins,18
system administration,18
terraform,18
data structures,17
communication,17
ansible,17
ui/ux design,17
monitoring,16
build automation,16
data visualization,15
cloud platforms,15
budgeting,15
devops practices,14
devops,14
cloud security,14
machine learning,14
compliance,14
system architecture,14
data warehousing,14
programming languages,13
security protocols,13
programming,12
google cloud,12
incident response,12
hadoop,11
spark,11
maven,11
etl,11
rest apis,11
deep learning,11
.net,10
ci/cd pipelines,10
configuration management,10
react,10
technical support,10
c++,9
infrastructure as code,9
user research,9
prototyping,9
mentoring,9
requirements gathering,9
data science,9
problem solving,9
gradle,9
agile methodologies,9
alerting,9
database design,8
3d modeling,8
visual effects,8
virtualization,8
testing,8
system monitoring,8
risk management,8
